INSERT INTO dosen (dosen_id,niy,nama) VALUES (1,'001','Dosen satu');
INSERT INTO dosen (dosen_id,niy,nama) VALUES (2,'002','Dosen dua');
INSERT INTO dosen (dosen_id,niy,nama) VALUES (3,'003','Dosen tiga');
INSERT INTO dosen (dosen_id,niy,nama) VALUES (4,'004','Dosen empat');
INSERT INTO dosen (dosen_id,niy,nama) VALUES (5,'005','Dosen lima');
INSERT INTO dosen (dosen_id,niy,nama) VALUES (6,'006','Dosen enam');
INSERT INTO dosen (dosen_id,niy,nama) VALUES (7,'007','Dosen tujuh');
INSERT INTO dosen (dosen_id,niy,nama) VALUES (8,'008','Dosen delapan');
INSERT INTO dosen (dosen_id,niy,nama) VALUES (9,'009','Dosen sembilan');
INSERT INTO dosen (dosen_id,niy,nama) VALUES (10,'010','Dosen sepuluh');

INSERT INTO mata_kuliah (kode,nama,dosen_id) VALUES ('MK01','Pemrograman Web',1);
INSERT INTO mata_kuliah (kode,nama,dosen_id) VALUES ('MK02','Pemrograman Java',4);
INSERT INTO mata_kuliah (kode,nama,dosen_id) VALUES ('MK03','Pemrograman Visual',5);
INSERT INTO mata_kuliah (kode,nama,dosen_id) VALUES ('MK04','Pemrograman Ruby',3);
INSERT INTO mata_kuliah (kode,nama,dosen_id) VALUES ('MK05','Algoritma 1',2);
INSERT INTO mata_kuliah (kode,nama,dosen_id) VALUES ('MK06','Algoritma 2',1);
INSERT INTO mata_kuliah (kode,nama,dosen_id) VALUES ('MK07','Struktur Data',7);
INSERT INTO mata_kuliah (kode,nama,dosen_id) VALUES ('MK08','Metode Numerik',6);
INSERT INTO mata_kuliah (kode,nama,dosen_id) VALUES ('MK09','Sistem Berbasis Web',10);
INSERT INTO mata_kuliah (kode,nama,dosen_id) VALUES ('MK10','Analisa Algoritma',8);

INSERT INTO ruang (nama,keterangan) VALUES ('116B','Ruang Kuliah');
INSERT INTO ruang (nama,keterangan) VALUES ('116A','Ruang Kuliah');
INSERT INTO ruang (nama,keterangan) VALUES ('218','Ruang Kuliah');
INSERT INTO ruang (nama,keterangan) VALUES ('217','Ruang Kuliah');
INSERT INTO ruang (nama,keterangan) VALUES ('216','Ruang Kuliah');

